asin,name,brand,mrp,price,category,hook,feature_1,feature_2,feature_3,verdict,status
B0DBCXZ24G,Vaku Luxos® Vanguard Military Grade Back Cover Case for Vivo Y35 4G with Metal Kickstand Shockproof ,Vaku,1999,149,case,Protect your expensive phone without adding bulk or weight,Drop tested protection for your phone screen and back,Precise cutouts for camera buttons and charging port,Slim fit looks good and feels premium in hand,Worth buying before you crack your screen,ready
B0DB64HYP3,Vaku Luxos® Astor Military Grade Back Cover Case for Samsung Galaxy S24 5G with Rotable Ring Kicksta,Vaku,1999,149,case,Protect your expensive phone without adding bulk or weight,Drop tested protection for your phone screen and back,Precise cutouts for camera buttons and charging port,Slim fit looks good and feels premium in hand,Worth buying before you crack your screen,ready
B0DBD8VP1J,Vaku Luxos® Vanguard Military Grade Back Cover Case for Oppo A38 with Metal Kickstand Shockproof Pro,Vaku,1999,149,case,Protect your expensive phone without adding bulk or weight,Drop tested protection for your phone screen and back,Precise cutouts for camera buttons and charging port,Slim fit looks good and feels premium in hand,Worth buying before you crack your screen,ready
B0D7SQQN15,Vaku Luxos® Vanguard Military Grade Armor Back Cover Case for Vivo V25e with Metal Kickstand Shockpr,Vaku,1999,149,case,Protect your expensive phone without adding bulk or weight,Drop tested protection for your phone screen and back,Precise cutouts for camera buttons and charging port,Slim fit looks good and feels premium in hand,Worth buying before you crack your screen,ready
B0DB62TJBW,Vaku Luxos® Astor Military Grade Back Cover Case for Samsung Galaxy S23 FE with Rotable Ring Kicksta,Vaku,1999,149,case,Protect your expensive phone without adding bulk or weight,Drop tested protection for your phone screen and back,Precise cutouts for camera buttons and charging port,Slim fit looks good and feels premium in hand,Worth buying before you crack your screen,ready
B0DBCZ4GPB,Vaku Luxos® Vanguard Military Grade Back Cover Case for Samsung Galaxy S23 FE with Metal Kickstand S,Vaku,1999,149,case,Protect your expensive phone without adding bulk or weight,Drop tested protection for your phone screen and back,Precise cutouts for camera buttons and charging port,Slim fit looks good and feels premium in hand,Worth buying before you crack your screen,ready
B0DB63BMM2,Vaku Luxos® Astor Military Grade Back Cover Case for Samsung Galaxy S23 with Rotable Ring Kickstand ,Vaku,1999,149,case,Protect your expensive phone without adding bulk or weight,Drop tested protection for your phone screen and back,Precise cutouts for camera buttons and charging port,Slim fit looks good and feels premium in hand,Worth buying before you crack your screen,ready
B0H958DBDD,Samsung 25W Original Type C to C 3.3 FT Fast Charging USB C Cable High-Speed & Data Transfer Compati,Samsung,1899,129,cable,The cable that actually lasts more than 3 months,Nylon braided design resists bending and fraying,Supports fast charging and data transfer,Works with all Type C Android and Lightning iPhone devices,Buy two - one for home one for office,ready
B0D262PLL6,"Mi 22.5W Fast USB Type C Charger Combo|Compatible for Mobile,Power Banks|Fast Charging|(Adapter + US",Mi,5999,616,charger,Charges your phone faster than your original charger,Fast charging technology - phone charged in under 1 hour,Compatible with all Android phones and iPhones,Compact and travel friendly design,Upgrade your charging speed - your original charger is holding you back,ready
B0GYHYSZBQ,"Wireless Neckband Earphones | Bluetooth 5.4, ENC, Magnetic Earbuds, 250 Hours Standby",Wireless,2499,299,earphone,Sound quality that makes your music actually enjoyable,Powerful bass and crystal clear treble for all music genres,Comfortable fit stays in ear even during workouts,Built in mic for clear hands free calls,Best earphone you can buy at this price in India,ready
B0FMDCJCPN,"65W 4 in 1 Multi Function Braided Fast Charging Cable with Ligtning to USB-C, Type C-C, Lighning to ",65W,1499,199,cable,The cable that actually lasts more than 3 months,Nylon braided design resists bending and fraying,Supports fast charging and data transfer,Works with all Type C Android and Lightning iPhone devices,Buy two - one for home one for office,ready
B0H8FQV929,45W Original Type C to C 3.3 FT Fast Charging USB C Cable High-Speed & Data Transfer Compatible with,45W,1483,199,cable,The cable that actually lasts more than 3 months,Nylon braided design resists bending and fraying,Supports fast charging and data transfer,Works with all Type C Android and Lightning iPhone devices,Buy two - one for home one for office,ready
B0H1DKBSXM,45W Original Type C to C 3.3 FT Fast Charging USB C Cable High-Speed & Data Transfer Compatible with,45W,999,129,cable,The cable that actually lasts more than 3 months,Nylon braided design resists bending and fraying,Supports fast charging and data transfer,Works with all Type C Android and Lightning iPhone devices,Buy two - one for home one for office,ready
B0FV8782JD,"Questsole Flexible Silicone Phone Stand, Foldable Rollable Mobile Holder with Aluminum Core, Multi-A",Questsole,1999,279,accessory,The smartphone accessory that makes your phone more useful,Universal compatibility with all major smartphone brands,Premium build quality that lasts years not months,Compact design easy to carry and use anywhere,Highly practical and worth every rupee,ready
B0GY8MMF3C,"85W Ultra Fast Charging Power Adapter with Type-C Cable, Quick Charge Technology, Safe and Reliable",85W,1999,309,charger,Charges your phone faster than your original charger,Fast charging technology - phone charged in under 1 hour,Compatible with all Android phones and iPhones,Compact and travel friendly design,Upgrade your charging speed - your original charger is holding you back,ready
B0H5QZ5PFF,"Google 30W USB C to USB C Fast Charging Cable 30W PD, Type C Charger Cable, Compatible with Google P",Google,1899,299,charger,Charges your phone faster than your original charger,Fast charging technology - phone charged in under 1 hour,Compatible with all Android phones and iPhones,Compact and travel friendly design,Upgrade your charging speed - your original charger is holding you back,ready
B0G6ZMW337,Case Creation Cute Red Wine Burgundy 3D Cherry Blossom Back Case Compatible for iPhone 11/12/13/14/1,Case,2999,499,case,Protect your expensive phone without adding bulk or weight,Drop tested protection for your phone screen and back,Precise cutouts for camera buttons and charging port,Slim fit looks good and feels premium in hand,Worth buying before you crack your screen,ready
B0GSC9MYZ6,"240W USB C to USB C Fast Charging Cable with Foldable Adjustable Phone Stand, Multi-Angle Type C Cha",240W,1999,349,cable,The cable that actually lasts more than 3 months,Nylon braided design resists bending and fraying,Supports fast charging and data transfer,Works with all Type C Android and Lightning iPhone devices,Buy two - one for home one for office,ready
B0H8HQ8WBH,"Lakvya USB-C to USB-C Charging and Data Sync Cable White | Strain Relief Design, Flexible Build, Fra",Lakvya,899,150,cable,The cable that actually lasts more than 3 months,Nylon braided design resists bending and fraying,Supports fast charging and data transfer,Works with all Type C Android and Lightning iPhone devices,Buy two - one for home one for office,ready
B0GRJ7G44N,Samsung 25W Pd 3.0 Type C Super Fast Charger Adapter for Samsung Galaxy M36|S25|M06|F06|M16| F16|M05,Samsung,1699,299,charger,Charges your phone faster than your original charger,Fast charging technology - phone charged in under 1 hour,Compatible with all Android phones and iPhones,Compact and travel friendly design,Upgrade your charging speed - your original charger is holding you back,ready
B0GMJ515BH,"Infuze Aluminium Mobile Stand for Desk, 360° Rotatable Foldable Phone Holder, Portable Desktop Mobil",Infuze,899,159,accessory,The smartphone accessory that makes your phone more useful,Universal compatibility with all major smartphone brands,Premium build quality that lasts years not months,Compact design easy to carry and use anywhere,Highly practical and worth every rupee,ready
B0BJ9DWSBQ,"Portable Selfie Stick, Handy Tripod with Detachable Wireless Remote & Mini Tripod Stand for iPhone 1",Portable,1599,294,accessory,The smartphone accessory that makes your phone more useful,Universal compatibility with all major smartphone brands,Premium build quality that lasts years not months,Compact design easy to carry and use anywhere,Highly practical and worth every rupee,ready
B0GZPGKNL8,67W Charger for Op-po A3 Pro (India) Original QC Adapter Type C 3.0A High Speed Fast Turbo Charge QC,67W,1999,385,charger,Charges your phone faster than your original charger,Fast charging technology - phone charged in under 1 hour,Compatible with all Android phones and iPhones,Compact and travel friendly design,Upgrade your charging speed - your original charger is holding you back,ready
B0GYPQDXJR,"25W PD Type C Fast Charger Compatible with Samsung Galaxy S24/S23, S22, S21 FE, A55, A54, A34, M14, ",25W,1599,299,charger,Charges your phone faster than your original charger,Fast charging technology - phone charged in under 1 hour,Compatible with all Android phones and iPhones,Compact and travel friendly design,Upgrade your charging speed - your original charger is holding you back,ready
B0GSKNW3Y9,"TEC52 USB C to USB C Cable 1.2m, 3.9ft 65W Ultra Fast Charging Braided Cord for Laptops Tablets Smar",TEC52,1499,289,cable,The cable that actually lasts more than 3 months,Nylon braided design resists bending and fraying,Supports fast charging and data transfer,Works with all Type C Android and Lightning iPhone devices,Buy two - one for home one for office,ready
B0DW8PY7TR,"SOOPII 70cm Long Selfie Stick with Bluetooth Remote, Foldable Tripod Stand, Compact & Extendable Upt",SOOPII,999,185,accessory,The smartphone accessory that makes your phone more useful,Universal compatibility with all major smartphone brands,Premium build quality that lasts years not months,Compact design easy to carry and use anywhere,Highly practical and worth every rupee,ready
B0G354X975,"S1 Selfie Stick Tripod Mobile Stand, 28 inch / 70CM Reinforced Tripod for Mobile Phone, Multi-Functi",S1,999,188,accessory,The smartphone accessory that makes your phone more useful,Universal compatibility with all major smartphone brands,Premium build quality that lasts years not months,Compact design easy to carry and use anywhere,Highly practical and worth every rupee,ready
B0GFDTV93D,67W Charger for Realme 15x (India) Original QC Adapter Type C 3.0A High Speed Fast Turbo Charge QC 3,67W,1999,390,charger,Charges your phone faster than your original charger,Fast charging technology - phone charged in under 1 hour,Compatible with all Android phones and iPhones,Compact and travel friendly design,Upgrade your charging speed - your original charger is holding you back,ready
B0GYPPW6YQ,Case Creation Cute 3D Minimal Summer Vibe Aesthetic Phone Case with Pineapple Crush Grip Holder for ,Case,2999,600,case,Protect your expensive phone without adding bulk or weight,Drop tested protection for your phone screen and back,Precise cutouts for camera buttons and charging port,Slim fit looks good and feels premium in hand,Worth buying before you crack your screen,ready
B0GYPK51K8,Case Creation Cute 3D Minimal Summer Vibe Aesthetic Phone Case With Pineapple Crush Grip Holder For ,Case,2999,600,case,Protect your expensive phone without adding bulk or weight,Drop tested protection for your phone screen and back,Precise cutouts for camera buttons and charging port,Slim fit looks good and feels premium in hand,Worth buying before you crack your screen,ready
B0H2HR41B7,Case Creation Cute Aesthetic Glitter Transparent 3D Resin Ocean Beach Theme Phone Case for iPhone 11,Case,2999,599,case,Protect your expensive phone without adding bulk or weight,Drop tested protection for your phone screen and back,Precise cutouts for camera buttons and charging port,Slim fit looks good and feels premium in hand,Worth buying before you crack your screen,ready
B0GFMLP1M2,"iPhone Compatible 20W Fast Charger with Cable | PD Type-C Charger Adapter Compatible with iPhone 15,",iPhone,1999,429,charger,Charges your phone faster than your original charger,Fast charging technology - phone charged in under 1 hour,Compatible with all Android phones and iPhones,Compact and travel friendly design,Upgrade your charging speed - your original charger is holding you back,ready
B0CMFTF62L,JGD PRODUCTS for Nothing Phone 2a (5G) Premium Transparent Hybrid Soft Slim Dust Proof Silicone Back,JGD,699,149,smartphone,JGD smartphone at 79% off - best deal on Amazon India right now,Powerful processor handles gaming and multitasking smoothly,Long lasting battery keeps you going all day,Good camera system for photos and videos at this price,Best value for money smartphone under Rs149 on Amazon India,ready
B0C3LW119D,JGD PRODUCTS for Nothing Phone 2 5G (2023) Premium Transparent Hybrid Soft Slim Dust Proof Back Case,JGD,699,149,case,Protect your expensive phone without adding bulk or weight,Drop tested protection for your phone screen and back,Precise cutouts for camera buttons and charging port,Slim fit looks good and feels premium in hand,Worth buying before you crack your screen,ready
B0FQ5GDQC3,JGD PRODUCTS for Nothing Phone 3 5G Premium Transparent Hybrid Soft Slim Dust Proof Back Case Cover ,JGD,699,149,case,Protect your expensive phone without adding bulk or weight,Drop tested protection for your phone screen and back,Precise cutouts for camera buttons and charging port,Slim fit looks good and feels premium in hand,Worth buying before you crack your screen,ready
B0F29MLHXT,"JGD PRODUCTS Edge to Edge Screen Protector Tempered Glass for Poco M7 5G, Poco C71 5G with Easy Self",JGD,699,149,protector,One scratch can ruin your phone screen - this prevents it,9H tempered glass - harder than your phone screen,Crystal clear - no effect on touch sensitivity or display,Easy bubble free installation in 2 minutes,Cheapest insurance you can buy for your phone screen,ready
B0916HB2ZV,"JGD PRODUCTS full edge COVERAGE tempered glass screen protector for Iphone 6/6S (Pack of 1, Black Cu",JGD,699,149,case,Protect your expensive phone without adding bulk or weight,Drop tested protection for your phone screen and back,Precise cutouts for camera buttons and charging port,Slim fit looks good and feels premium in hand,Worth buying before you crack your screen,ready
B09Y5MWTVN,JGD PRODUCTS Anti-Fingerprint Scratch Resistant Matte Screen Protector for Redmi Note 11 Pro/Redmi N,JGD,699,149,protector,One scratch can ruin your phone screen - this prevents it,9H tempered glass - harder than your phone screen,Crystal clear - no effect on touch sensitivity or display,Easy bubble free installation in 2 minutes,Cheapest insurance you can buy for your phone screen,ready
B0BTYDSF5G,JGD PRODUCTS for iPhone 12 Pro Max Tempered glass Screen Protector with Full Edge Protection and Eas,JGD,699,149,protector,One scratch can ruin your phone screen - this prevents it,9H tempered glass - harder than your phone screen,Crystal clear - no effect on touch sensitivity or display,Easy bubble free installation in 2 minutes,Cheapest insurance you can buy for your phone screen,ready
B0FHKTC1YH,"Elver USB C - 8 Pin Cable 1.2m, 27W Fast Charging, 480 Mbps Data Transfer, Compatible with iPhone 6 ",Elver,999,212,cable,The cable that actually lasts more than 3 months,Nylon braided design resists bending and fraying,Supports fast charging and data transfer,Works with all Type C Android and Lightning iPhone devices,Buy two - one for home one for office,ready
B0D8ZNRRCB,JGD Google Pixel Original Type C to Type C Mobile Data Charging Cable for Pixel 8 Pro/8/8A/7 Pro/7/7,JGD,699,149,cable,The cable that actually lasts more than 3 months,Nylon braided design resists bending and fraying,Supports fast charging and data transfer,Works with all Type C Android and Lightning iPhone devices,Buy two - one for home one for office,ready
B0GT66FSQK,"TEC54 USB Type A to USB C Cable 1m/3.3ft, 65W PD Ultra Fast Charging PVC Cord, Compatible with iPhon",TEC54,1199,249,cable,The cable that actually lasts more than 3 months,Nylon braided design resists bending and fraying,Supports fast charging and data transfer,Works with all Type C Android and Lightning iPhone devices,Buy two - one for home one for office,ready
B0BQMSY168,"boAt WCDV 22.5W Dual Port Fast Charger, Overheat/Overcharge Protection, Auto Detection for Samsung, ",boAt,2490,549,charger,Charges your phone faster than your original charger,Fast charging technology - phone charged in under 1 hour,Compatible with all Android phones and iPhones,Compact and travel friendly design,Upgrade your charging speed - your original charger is holding you back,ready
B0GYPSXN59,"ULTRAPROLINK 100W USB-C to USB-C PD 3.1 Fast Charging Cable 2m (6.56ft), E-Marker Chip, 480Mbps Data",ULTRAPROLINK,1999,449,cable,The cable that actually lasts more than 3 months,Nylon braided design resists bending and fraying,Supports fast charging and data transfer,Works with all Type C Android and Lightning iPhone devices,Buy two - one for home one for office,ready
B0DT9FBBXD,"STRIFF Phone Holders for Your Car with Metal Hook Clip, Air Vent Cell Phone Car Mount, Universal Aut",STRIFF,999,219,accessory,The smartphone accessory that makes your phone more useful,Universal compatibility with all major smartphone brands,Premium build quality that lasts years not months,Compact design easy to carry and use anywhere,Highly practical and worth every rupee,ready
B09N1XRVL8,"HOLD UP 67Inch/ 170cm Long Selfie Stick Tripod Stand with Wireless Remote, Long Tripod Stand with 36",HOLD,1499,331,accessory,The smartphone accessory that makes your phone more useful,Universal compatibility with all major smartphone brands,Premium build quality that lasts years not months,Compact design easy to carry and use anywhere,Highly practical and worth every rupee,ready
B0DG2WVLG2,Amazon Basics 10000mAh 20W Fast Charging Power Bank and 15W Wireless Output | Type C Power Delivery ,Amazon,5999,1399,powerbank,Never worry about low battery when you are away from home,High capacity - charges your phone 2 to 3 times fully,Fast charging support - powers up your phone quickly,Slim and lightweight - fits easily in your pocket or bag,Best power bank for travel and daily commute,ready
B0D1R85RMR,DR VAKU® iPhone Charger Cable(MFi Certified) Type C to Type C Cable for iPhone 17/17 Air/17 Pro/17 P,DR,1599,372,charger,Charges your phone faster than your original charger,Fast charging technology - phone charged in under 1 hour,Compatible with all Android phones and iPhones,Compact and travel friendly design,Upgrade your charging speed - your original charger is holding you back,ready
B0H8Y2TXFB,Earbuds T-200 Wireless for Realme X7 (India) True Wireless Stereo Earbuds with Advanced Noise Cancel,Earbuds,2999,679,earphone,Sound quality that makes your music actually enjoyable,Powerful bass and crystal clear treble for all music genres,Comfortable fit stays in ear even during workouts,Built in mic for clear hands free calls,Best earphone you can buy at this price in India,ready
B0F8N6D6YJ,Overhead Tripod for Mobile - Overhead Video Stand Phone Holder - Mobile Stand for Video Shooting - T,Overhead,2995,699,accessory,The smartphone accessory that makes your phone more useful,Universal compatibility with all major smartphone brands,Premium build quality that lasts years not months,Compact design easy to carry and use anywhere,Highly practical and worth every rupee,ready
B0GGCXSQS7,"Case Creation Premium Sports Car Phone Case for iPhone 15/16/ 17 Pro Max, Glossy Automotive Curvy 3D",Case,3999,949,case,Protect your expensive phone without adding bulk or weight,Drop tested protection for your phone screen and back,Precise cutouts for camera buttons and charging port,Slim fit looks good and feels premium in hand,Worth buying before you crack your screen,ready
B0GGCFT3K8,"Case Creation Premium Sports Car Phone Case for iPhone 15/16/ 17 Pro Max, Glossy Automotive Curvy 3D",Case,3999,949,case,Protect your expensive phone without adding bulk or weight,Drop tested protection for your phone screen and back,Precise cutouts for camera buttons and charging port,Slim fit looks good and feels premium in hand,Worth buying before you crack your screen,ready
B0GGCMXPBJ,"Case Creation Premium Sports Car Phone Case for iPhone 15/16/ 17 Pro Max, Glossy Automotive Curvy 3D",Case,3999,949,case,Protect your expensive phone without adding bulk or weight,Drop tested protection for your phone screen and back,Precise cutouts for camera buttons and charging port,Slim fit looks good and feels premium in hand,Worth buying before you crack your screen,ready
B098G6TFJ1,CASEOLOGY by Spigen Wireless Charger Desktop Stand Holder Dock Compatible with MagSafe Charger for i,CASEOLOGY,4199,999,charger,Charges your phone faster than your original charger,Fast charging technology - phone charged in under 1 hour,Compatible with all Android phones and iPhones,Compact and travel friendly design,Upgrade your charging speed - your original charger is holding you back,ready
B0DB2F41D5,"S64S Selfie Stick Tripod Stand with Light 67 inch/1.7 M, 360° Rotation Handle for Anti Shake Shootin",S64S,2999,733,accessory,The smartphone accessory that makes your phone more useful,Universal compatibility with all major smartphone brands,Premium build quality that lasts years not months,Compact design easy to carry and use anywhere,Highly practical and worth every rupee,ready
B09YMC7NQG,NAFA Portable Selfie Stick Tripod with Wireless Bluetooth Remote and Tripod Stand,NAFA,1299,312,accessory,The smartphone accessory that makes your phone more useful,Universal compatibility with all major smartphone brands,Premium build quality that lasts years not months,Compact design easy to carry and use anywhere,Highly practical and worth every rupee,ready
B0H2CTDLR1,"5W 1A Mobile Wall Charger, White, Fast Charging, White, Made in India",5W,999,249,charger,Charges your phone faster than your original charger,Fast charging technology - phone charged in under 1 hour,Compatible with all Android phones and iPhones,Compact and travel friendly design,Upgrade your charging speed - your original charger is holding you back,ready
B0H753MRZ4,Customised Printed Back Cover Case for Nothing Phone 3A - Personalised Mobile Cover with Your Text N,Customised,999,249,case,Protect your expensive phone without adding bulk or weight,Drop tested protection for your phone screen and back,Precise cutouts for camera buttons and charging port,Slim fit looks good and feels premium in hand,Worth buying before you crack your screen,ready
B0GQBW2NDM,"Case Creation Cute Aesthetic Minimalist White Bow Ribbon Back Case for iPhone 11, 12, 13, 14, 15, 16",Case,1999,499,case,Protect your expensive phone without adding bulk or weight,Drop tested protection for your phone screen and back,Precise cutouts for camera buttons and charging port,Slim fit looks good and feels premium in hand,Worth buying before you crack your screen,ready
B0H755LV6K,Customised Printed Back Cover Case for Nothing Phone 2A / Phone 2A Plus - Personalised Mobile Cover ,Customised,999,249,case,Protect your expensive phone without adding bulk or weight,Drop tested protection for your phone screen and back,Precise cutouts for camera buttons and charging port,Slim fit looks good and feels premium in hand,Worth buying before you crack your screen,ready
B0H5LSWTL2,Customised Printed Back Cover Case for Nothing Phone 3A Pro - Personalised Mobile Cover with Your Te,Customised,999,249,case,Protect your expensive phone without adding bulk or weight,Drop tested protection for your phone screen and back,Precise cutouts for camera buttons and charging port,Slim fit looks good and feels premium in hand,Worth buying before you crack your screen,ready
B0H75B19W5,Customised Printed Back Cover Case for Nothing Phone 1 - Personalised Mobile Cover with Your Text Na,Customised,999,249,case,Protect your expensive phone without adding bulk or weight,Drop tested protection for your phone screen and back,Precise cutouts for camera buttons and charging port,Slim fit looks good and feels premium in hand,Worth buying before you crack your screen,ready
B0H5MSXTXB,Customised Printed Back Cover Case for Nothing Phone 2A / Phone 2A Plus - Personalised Mobile Cover ,Customised,999,249,case,Protect your expensive phone without adding bulk or weight,Drop tested protection for your phone screen and back,Precise cutouts for camera buttons and charging port,Slim fit looks good and feels premium in hand,Worth buying before you crack your screen,ready
B0GQBJXJZ1,"Case Creation Cute Aesthetic Minimalist White Bow Ribbon Back Case for iPhone 11, 12, 13, 14, 15, 16",Case,1999,499,case,Protect your expensive phone without adding bulk or weight,Drop tested protection for your phone screen and back,Precise cutouts for camera buttons and charging port,Slim fit looks good and feels premium in hand,Worth buying before you crack your screen,ready
B0GDQS2J22,(1 Pack) Screen Protector for OnePlus | HD Clear Soft Hydrogel Film | 100% Fingerprint Unlock Suppor,(1,999,249,protector,One scratch can ruin your phone screen - this prevents it,9H tempered glass - harder than your phone screen,Crystal clear - no effect on touch sensitivity or display,Easy bubble free installation in 2 minutes,Cheapest insurance you can buy for your phone screen,ready
B0FKBWDVRQ,"truke New Launch Mega 8 True Wireless in-ear Earbuds with 24-Bit Spatial Audio, 70H Battery & Fast C",truke,3999,999,earphone,Sound quality that makes your music actually enjoyable,Powerful bass and crystal clear treble for all music genres,Comfortable fit stays in ear even during workouts,Built in mic for clear hands free calls,Best earphone you can buy at this price in India,ready
B0DSVVSQWY,"MadRabbit Cosmo Bluetooth Truly Wireless in-Ear Earbuds with Mic, 30H Playtime, 10Mm Bass Drivers, 5",MadRabbit,3999,999,earphone,Sound quality that makes your music actually enjoyable,Powerful bass and crystal clear treble for all music genres,Comfortable fit stays in ear even during workouts,Built in mic for clear hands free calls,Best earphone you can buy at this price in India,ready
B0HBKP54GY,Earbuds Original for Xiaomi Redmi Note 11 SE (India) Buds 4 Pro (Black) in-Ear Wireless Earbuds with,Earbuds,7999,1999,earphone,Sound quality that makes your music actually enjoyable,Powerful bass and crystal clear treble for all music genres,Comfortable fit stays in ear even during workouts,Built in mic for clear hands free calls,Best earphone you can buy at this price in India,ready
B0H4H8Y7RY,Premium Auto Lock & Release Gravity Car Phone Holder with Air Vent Clip of Phones | for Premium Car ,Premium,1999,499,accessory,The smartphone accessory that makes your phone more useful,Universal compatibility with all major smartphone brands,Premium build quality that lasts years not months,Compact design easy to carry and use anywhere,Highly practical and worth every rupee,ready
B0FGQ21CVD,"Sounce Heavy Duty Metal Mobile Stand Holder Flexible Desk Clamp Phone Mount with Long Gooseneck, Ant",Sounce,999,249,accessory,The smartphone accessory that makes your phone more useful,Universal compatibility with all major smartphone brands,Premium build quality that lasts years not months,Compact design easy to carry and use anywhere,Highly practical and worth every rupee,ready
B0GTF62ZDM,50W Charger for Infinix Smart 7 (India) Original QC Adapter Type C 3.0A High Speed Fast Turbo Charge,50W,1499,390,charger,Charges your phone faster than your original charger,Fast charging technology - phone charged in under 1 hour,Compatible with all Android phones and iPhones,Compact and travel friendly design,Upgrade your charging speed - your original charger is holding you back,ready
B0GKNY3NFK,50W Charger for Infinix Smart 7 (India) Original QC Adapter Type C 3.0A High Speed Fast Turbo Charge,50W,1499,390,charger,Charges your phone faster than your original charger,Fast charging technology - phone charged in under 1 hour,Compatible with all Android phones and iPhones,Compact and travel friendly design,Upgrade your charging speed - your original charger is holding you back,ready
B0GN33MXBQ,50W Charger for Xiaomii Redmi Note 11 SE (India) Original QC Adapter Type C 3.0A High Speed Fast Tur,50W,1499,390,charger,Charges your phone faster than your original charger,Fast charging technology - phone charged in under 1 hour,Compatible with all Android phones and iPhones,Compact and travel friendly design,Upgrade your charging speed - your original charger is holding you back,ready
B0GNSMGF5T,67W Charger for Sam-Sung Galaxy A12 (India) Original QC Adapter Type C 3.0A High Speed Fast Turbo Ch,67W,1499,390,charger,Charges your phone faster than your original charger,Fast charging technology - phone charged in under 1 hour,Compatible with all Android phones and iPhones,Compact and travel friendly design,Upgrade your charging speed - your original charger is holding you back,ready
B0GJ4VHF17,50W Charger for Sam-Sung Galaxy A12 (India) Original QC Adapter Type C 3.0A High Speed Fast Turbo Ch,50W,1499,390,charger,Charges your phone faster than your original charger,Fast charging technology - phone charged in under 1 hour,Compatible with all Android phones and iPhones,Compact and travel friendly design,Upgrade your charging speed - your original charger is holding you back,ready
B0GKYX9NXF,60W Type C to Type C Charging Cable Nylon Braided Support iPhone 15/16/17 Pro/Pro Max MacBook iPad &,60W,1899,490,cable,The cable that actually lasts more than 3 months,Nylon braided design resists bending and fraying,Supports fast charging and data transfer,Works with all Type C Android and Lightning iPhone devices,Buy two - one for home one for office,ready
B0GY94WR7H,Toreto Power Aero 20 20000mAh Power Bank | 22.5W Fast Charging | 20W Type-C PD Output | Dual USB 22.,Toreto,3499,949,powerbank,Never worry about low battery when you are away from home,High capacity - charges your phone 2 to 3 times fully,Fast charging support - powers up your phone quickly,Slim and lightweight - fits easily in your pocket or bag,Best power bank for travel and daily commute,ready
B0GGHNF9VF,Case Creation Trendy Pink Floral Flower Phone Case for iPhone 11/12/13/14/15/16/17 Pro Max Plus Mini,Case,1999,545,case,Protect your expensive phone without adding bulk or weight,Drop tested protection for your phone screen and back,Precise cutouts for camera buttons and charging port,Slim fit looks good and feels premium in hand,Worth buying before you crack your screen,ready
B0D8J6T9V5,EVM 36W Fast Charger | USB C Wall Adapter with PD & QC 3.0 | Dual Port Type-C Charger with Cable | C,EVM,2499,699,charger,Charges your phone faster than your original charger,Fast charging technology - phone charged in under 1 hour,Compatible with all Android phones and iPhones,Compact and travel friendly design,Upgrade your charging speed - your original charger is holding you back,ready
B0GXSZBKX7,"MACLEN 100% Fingerprint Unlock Support Privacy Tempered Glass for Samsung Galaxy S25 5G Anti-Spy, An",MACLEN,699,199,protector,One scratch can ruin your phone screen - this prevents it,9H tempered glass - harder than your phone screen,Crystal clear - no effect on touch sensitivity or display,Easy bubble free installation in 2 minutes,Cheapest insurance you can buy for your phone screen,ready
B0GPQ1STPX,JGD PRODUCTS 100% Fingerprint Unlock Support Privacy Tempered Glass for Samsung Galaxy S26 Ultra 5G ,JGD,699,199,protector,One scratch can ruin your phone screen - this prevents it,9H tempered glass - harder than your phone screen,Crystal clear - no effect on touch sensitivity or display,Easy bubble free installation in 2 minutes,Cheapest insurance you can buy for your phone screen,ready
B0GRMJGK9C,"JGD PRODUCTS 10Gbps Micro B to USB C Hard Drive Cable 1FT, USB 3.1 USB C to Micro B, High-Speed Exte",JGD,699,199,cable,The cable that actually lasts more than 3 months,Nylon braided design resists bending and fraying,Supports fast charging and data transfer,Works with all Type C Android and Lightning iPhone devices,Buy two - one for home one for office,ready
B0DRYWFMLC,"Humble Universal 360° Rotatable Dashboard Mount Smartphone Holder Anti-Slip Silicone Mount for Car, ",Humble,699,199,accessory,The smartphone accessory that makes your phone more useful,Universal compatibility with all major smartphone brands,Premium build quality that lasts years not months,Compact design easy to carry and use anywhere,Highly practical and worth every rupee,ready
B09VZBGL1N,"STRIFF Multi Angle Tablet Tabletop Stand. Holder for iPhone, Android, Samsung, OnePlus, Xiaomi. Port",STRIFF,599,169,accessory,The smartphone accessory that makes your phone more useful,Universal compatibility with all major smartphone brands,Premium build quality that lasts years not months,Compact design easy to carry and use anywhere,Highly practical and worth every rupee,ready
B0CCP5FW3F,"WeCool T1 Mobile Stand for Desk with 360°Rotation & Stable Metalic Round Base,Tabletop Phone Stand w",WeCool,1599,449,accessory,The smartphone accessory that makes your phone more useful,Universal compatibility with all major smartphone brands,Premium build quality that lasts years not months,Compact design easy to carry and use anywhere,Highly practical and worth every rupee,ready
B0GCTBSFP6,"Selfie Stick Tripod 25 inch with Bluetooth Remote & Light (2.5 FT) | 3-in-1 Multifunctional, Foldabl",Selfie,899,249,accessory,The smartphone accessory that makes your phone more useful,Universal compatibility with all major smartphone brands,Premium build quality that lasts years not months,Compact design easy to carry and use anywhere,Highly practical and worth every rupee,ready
B0FKBWTWZ8,"truke New Launch Mega 7 True Wireless in-Ear Earbuds w/ 24-Bit 360 Spatial Audio, 60H Playtime & Fas",truke,3499,999,earphone,Sound quality that makes your music actually enjoyable,Powerful bass and crystal clear treble for all music genres,Comfortable fit stays in ear even during workouts,Built in mic for clear hands free calls,Best earphone you can buy at this price in India,ready
B0GK1MTWC1,"truke New Launch Mega 12 True Wireless in Ear Earbuds W/ 24-Bit Spatial Audio, Premium Leather Textu",truke,4499,1299,earphone,Sound quality that makes your music actually enjoyable,Powerful bass and crystal clear treble for all music genres,Comfortable fit stays in ear even during workouts,Built in mic for clear hands free calls,Best earphone you can buy at this price in India,ready
B0GK22XD58,"truke New Launch Mega 12 True Wireless in Ear Earbuds W/ 24-Bit Spatial Audio, Premium Leather Textu",truke,4499,1299,earphone,Sound quality that makes your music actually enjoyable,Powerful bass and crystal clear treble for all music genres,Comfortable fit stays in ear even during workouts,Built in mic for clear hands free calls,Best earphone you can buy at this price in India,ready
B0CTQ92KG8,"COSTAR 33W/35W/36W GaN Super Fast Charger, QC/PD Dual Port USB A + USB C Charger, Power Adapter Plug",COSTAR,1999,599,charger,Charges your phone faster than your original charger,Fast charging technology - phone charged in under 1 hour,Compatible with all Android phones and iPhones,Compact and travel friendly design,Upgrade your charging speed - your original charger is holding you back,ready
B0FQBWNFJ5,"120W Super Fast Charger, Gold, USB QC 3.0 Compatible, Support VOOC Flash Charging, Multiple Protecti",120W,1499,450,charger,Charges your phone faster than your original charger,Fast charging technology - phone charged in under 1 hour,Compatible with all Android phones and iPhones,Compact and travel friendly design,Upgrade your charging speed - your original charger is holding you back,ready
B0H3Q2CMLC,"Slim 10000mAh Power Bank, Fast Charging 22.5W, LED Display | Powervolt 101 Blade, LED battery displa",Slim,2999,899,powerbank,Never worry about low battery when you are away from home,High capacity - charges your phone 2 to 3 times fully,Fast charging support - powers up your phone quickly,Slim and lightweight - fits easily in your pocket or bag,Best power bank for travel and daily commute,ready
B0FJ8Q248D,"Case Creation Cute 3D Love Flower for iPhone 13 with Pop Holder, Pink TPU Camera Protection Cover, C",Case,1999,591,case,Protect your expensive phone without adding bulk or weight,Drop tested protection for your phone screen and back,Precise cutouts for camera buttons and charging port,Slim fit looks good and feels premium in hand,Worth buying before you crack your screen,ready
B0H3F123CY,"2 in1 240W USB C to USB C Fast Charging Cable with Adjustable & Detachable Phone Stand, Multi-Angle ",2,1999,598,cable,The cable that actually lasts more than 3 months,Nylon braided design resists bending and fraying,Supports fast charging and data transfer,Works with all Type C Android and Lightning iPhone devices,Buy two - one for home one for office,ready
B0GZL87YV2,"TECHIO Bluetooth Earbuds with Deep Bass, Noise Reduction, Touch Control, Fast Charging Case, Long Ba",TECHIO,1999,599,case,Protect your expensive phone without adding bulk or weight,Drop tested protection for your phone screen and back,Precise cutouts for camera buttons and charging port,Slim fit looks good and feels premium in hand,Worth buying before you crack your screen,ready
B0H23FZ3JF,"AKCredible Foldable Silicone Phone Stand, Flexible Adjustable Desktop Holder, Anti-Slip Mount for Ho",AKCredible,999,299,accessory,The smartphone accessory that makes your phone more useful,Universal compatibility with all major smartphone brands,Premium build quality that lasts years not months,Compact design easy to carry and use anywhere,Highly practical and worth every rupee,ready
B0DX291DF5,Liquid Silicone Back Cover for Samsung Galaxy S24 FE 5G | Inner Microfiber Velvet | Camera Protectio,Liquid,699,220,case,Protect your expensive phone without adding bulk or weight,Drop tested protection for your phone screen and back,Precise cutouts for camera buttons and charging port,Slim fit looks good and feels premium in hand,Worth buying before you crack your screen,ready
B0HBWGVKGY,Buds 2 Earphones with Mic for Samsung Galaxy A12 (India) Earphones Original Like Wired in-Ear Headph,Buds,1299,399,earphone,Sound quality that makes your music actually enjoyable,Powerful bass and crystal clear treble for all music genres,Comfortable fit stays in ear even during workouts,Built in mic for clear hands free calls,Best earphone you can buy at this price in India,ready
B0HBWB9CZY,Buds 2 Earphones with Mic for Vivo T1x (India) Earphones Original Like Wired in-Ear Headphones Stere,Buds,1299,399,earphone,Sound quality that makes your music actually enjoyable,Powerful bass and crystal clear treble for all music genres,Comfortable fit stays in ear even during workouts,Built in mic for clear hands free calls,Best earphone you can buy at this price in India,ready
B0HBW9Z5LJ,Buds 2 Earphones with Mic for Realme X7 (India) Earphones Original Like Wired in-Ear Headphones Ster,Buds,1299,399,earphone,Sound quality that makes your music actually enjoyable,Powerful bass and crystal clear treble for all music genres,Comfortable fit stays in ear even during workouts,Built in mic for clear hands free calls,Best earphone you can buy at this price in India,ready
B0HBW7TKTH,Buds 2 Earphones with Mic for Motorola Moto E32 (India) Earphones Original Like Wired in-Ear Headpho,Buds,1299,399,earphone,Sound quality that makes your music actually enjoyable,Powerful bass and crystal clear treble for all music genres,Comfortable fit stays in ear even during workouts,Built in mic for clear hands free calls,Best earphone you can buy at this price in India,ready
B0HBW781NK,Buds 2 Earphones with Mic for vivo Y36 (India) Earphones Original Like Wired in-Ear Headphones Stere,Buds,1299,399,earphone,Sound quality that makes your music actually enjoyable,Powerful bass and crystal clear treble for all music genres,Comfortable fit stays in ear even during workouts,Built in mic for clear hands free calls,Best earphone you can buy at this price in India,ready
B0HBW65QSP,Buds 2 Earphones with Mic for Realme 12x (India) Earphones Original Like Wired in-Ear Headphones Ste,Buds,1299,399,earphone,Sound quality that makes your music actually enjoyable,Powerful bass and crystal clear treble for all music genres,Comfortable fit stays in ear even during workouts,Built in mic for clear hands free calls,Best earphone you can buy at this price in India,ready
B0HBW5Z1M3,Buds 2 Earphones with Mic for vivo T2 (India) Earphones Original Like Wired in-Ear Headphones Stereo,Buds,1299,399,earphone,Sound quality that makes your music actually enjoyable,Powerful bass and crystal clear treble for all music genres,Comfortable fit stays in ear even during workouts,Built in mic for clear hands free calls,Best earphone you can buy at this price in India,ready
B0HBW5VF4R,Buds 2 Earphones with Mic for Xiaomi Poco M5 (India) Earphones Original Like Wired in-Ear Headphones,Buds,1299,399,earphone,Sound quality that makes your music actually enjoyable,Powerful bass and crystal clear treble for all music genres,Comfortable fit stays in ear even during workouts,Built in mic for clear hands free calls,Best earphone you can buy at this price in India,ready
B0HBW575T7,Buds 2 Earphones with Mic for Infinix Smart 7 (India) Earphones Original Like Wired in-Ear Headphone,Buds,1299,399,earphone,Sound quality that makes your music actually enjoyable,Powerful bass and crystal clear treble for all music genres,Comfortable fit stays in ear even during workouts,Built in mic for clear hands free calls,Best earphone you can buy at this price in India,ready
B0HBW4N98F,Buds 2 Earphones with Mic for Motorola Moto G62 (India) Earphones Original Like Wired in-Ear Headpho,Buds,1299,399,earphone,Sound quality that makes your music actually enjoyable,Powerful bass and crystal clear treble for all music genres,Comfortable fit stays in ear even during workouts,Built in mic for clear hands free calls,Best earphone you can buy at this price in India,ready
B0HBW4F2N7,Buds 2 Earphones with Mic for Vivo iQOO 7 (India) Earphones Original Like Wired in-Ear Headphones St,Buds,1299,399,earphone,Sound quality that makes your music actually enjoyable,Powerful bass and crystal clear treble for all music genres,Comfortable fit stays in ear even during workouts,Built in mic for clear hands free calls,Best earphone you can buy at this price in India,ready
B0HBW3KF3Z,Buds 2 Earphones with Mic for Samsung Galaxy M13 (India) Earphones Original Like Wired in-Ear Headph,Buds,1299,399,earphone,Sound quality that makes your music actually enjoyable,Powerful bass and crystal clear treble for all music genres,Comfortable fit stays in ear even during workouts,Built in mic for clear hands free calls,Best earphone you can buy at this price in India,ready
B0HBW2LRPR,Buds 2 Earphones with Mic for Xiaomi Redmi 10 (India) Earphones Original Like Wired in-Ear Headphone,Buds,1299,399,earphone,Sound quality that makes your music actually enjoyable,Powerful bass and crystal clear treble for all music genres,Comfortable fit stays in ear even during workouts,Built in mic for clear hands free calls,Best earphone you can buy at this price in India,ready
B0HBW2DVGL,Buds 2 Earphones with Mic for Vivo Y21t (India) Earphones Original Like Wired in-Ear Headphones Ster,Buds,1299,399,earphone,Sound quality that makes your music actually enjoyable,Powerful bass and crystal clear treble for all music genres,Comfortable fit stays in ear even during workouts,Built in mic for clear hands free calls,Best earphone you can buy at this price in India,ready
B0HBW13386,Buds 2 Earphones with Mic for Vivo Y72 5G (India) Earphones Original Like Wired in-Ear Headphones St,Buds,1299,399,earphone,Sound quality that makes your music actually enjoyable,Powerful bass and crystal clear treble for all music genres,Comfortable fit stays in ear even during workouts,Built in mic for clear hands free calls,Best earphone you can buy at this price in India,ready
B0HBVW4W13,Buds 2 Earphones with Mic for Oppo A3 Pro (India) Earphones Original Like Wired in-Ear Headphones St,Buds,1299,399,earphone,Sound quality that makes your music actually enjoyable,Powerful bass and crystal clear treble for all music genres,Comfortable fit stays in ear even during workouts,Built in mic for clear hands free calls,Best earphone you can buy at this price in India,ready
B0HBVSQFXL,Buds 2 Earphones with Mic for Realme C53 (India) Earphones Original Like Wired in-Ear Headphones Ste,Buds,1299,399,earphone,Sound quality that makes your music actually enjoyable,Powerful bass and crystal clear treble for all music genres,Comfortable fit stays in ear even during workouts,Built in mic for clear hands free calls,Best earphone you can buy at this price in India,ready
B0HBW4SHY1,Buds 2 Earphones with Mic for Xiaomi Redmi Note 9 Pro (India) Earphones Original Like Wired in-Ear H,Buds,1299,399,earphone,Sound quality that makes your music actually enjoyable,Powerful bass and crystal clear treble for all music genres,Comfortable fit stays in ear even during workouts,Built in mic for clear hands free calls,Best earphone you can buy at this price in India,ready
B0HBVVB7MX,Buds 2 Earphones with Mic for Xiaomi Redmi Note 10 Pro (India) Earphones Original Like Wired in-Ear ,Buds,1299,399,earphone,Sound quality that makes your music actually enjoyable,Powerful bass and crystal clear treble for all music genres,Comfortable fit stays in ear even during workouts,Built in mic for clear hands free calls,Best earphone you can buy at this price in India,ready
B0HBW592T3,Buds 2 Earphones with Mic for Xiaomi Redmi Note 11 Pro+ 5G (India) Earphones Original Like Wired in-,Buds,1299,399,earphone,Sound quality that makes your music actually enjoyable,Powerful bass and crystal clear treble for all music genres,Comfortable fit stays in ear even during workouts,Built in mic for clear hands free calls,Best earphone you can buy at this price in India,ready
B081FG1QYX,"Wayona USB Type C Short 65W/3A Fast Charging Data Cable for Powerbank, Android Auto, Apple CarPlay, ",Wayona,999,309,powerbank,Never worry about low battery when you are away from home,High capacity - charges your phone 2 to 3 times fully,Fast charging support - powers up your phone quickly,Slim and lightweight - fits easily in your pocket or bag,Best power bank for travel and daily commute,ready
B0FVZQBRMT,SnapX1s Vlogging Kit with Fill Light & Wireless Mic | 3-in-1 70cm Extendable Selfie Stick Tripod wit,SnapX1s,2199,699,accessory,The smartphone accessory that makes your phone more useful,Universal compatibility with all major smartphone brands,Premium build quality that lasts years not months,Compact design easy to carry and use anywhere,Highly practical and worth every rupee,ready
B0D22ZZM34,"ZEBRONICS MB10000S15 Power Bank, 10000 mAh, Rapid Charge, 22.5W Output, Dual USB Output, PD 3.0 Type",ZEBRONICS,2099,698,powerbank,Never worry about low battery when you are away from home,High capacity - charges your phone 2 to 3 times fully,Fast charging support - powers up your phone quickly,Slim and lightweight - fits easily in your pocket or bag,Best power bank for travel and daily commute,ready
B0FRJNHPGB,Compatible with Liquid Silicone Back Cover for Nothing Phone (3a) 5G | Inner Microfiber Velvet | Cam,Compatible,699,232,case,Protect your expensive phone without adding bulk or weight,Drop tested protection for your phone screen and back,Precise cutouts for camera buttons and charging port,Slim fit looks good and feels premium in hand,Worth buying before you crack your screen,ready
B0DCZFWFRZ,Tempered Glass for iPhone 15 Pro Max Screen Protector [Military Grade Shatterproof & Longest Durable,Tempered,999,329,protector,One scratch can ruin your phone screen - this prevents it,9H tempered glass - harder than your phone screen,Crystal clear - no effect on touch sensitivity or display,Easy bubble free installation in 2 minutes,Cheapest insurance you can buy for your phone screen,ready
B0DCZF7RVZ,Tempered Glass for iPhone XS Max / 11 Pro Max Screen Protector [Military Grade Shatterproof & Longes,Tempered,999,329,protector,One scratch can ruin your phone screen - this prevents it,9H tempered glass - harder than your phone screen,Crystal clear - no effect on touch sensitivity or display,Easy bubble free installation in 2 minutes,Cheapest insurance you can buy for your phone screen,ready
B0GXWQGG4X,"33W Fast Charging USB A to Type C Cable, 3A High Speed Charging & Data Sync Cable, Premium TPE USB C",33W,699,229,cable,The cable that actually lasts more than 3 months,Nylon braided design resists bending and fraying,Supports fast charging and data transfer,Works with all Type C Android and Lightning iPhone devices,Buy two - one for home one for office,ready
B0GYJ9X55S,"Wireless Bluetooth Earbuds with Fast Pairing, ANC Mic, Hi-Fi Stereo Sound, Touch Control, Type-C Cha",Wireless,999,329,earphone,Sound quality that makes your music actually enjoyable,Powerful bass and crystal clear treble for all music genres,Comfortable fit stays in ear even during workouts,Built in mic for clear hands free calls,Best earphone you can buy at this price in India,ready
B0GSGV8TJP,"Breewell 12 Grid Wooden Phone Organizer Stand, Natural Wood, Multi-Device Holder, Desktop Storage Bo",Breewell,1950,650,accessory,The smartphone accessory that makes your phone more useful,Universal compatibility with all major smartphone brands,Premium build quality that lasts years not months,Compact design easy to carry and use anywhere,Highly practical and worth every rupee,ready
B0GRWJRF88,"GOBOULT Mustang Ampvault V20 20000 mAh Wired Power Bank (Nitro Black, Lithium Polymer, Fast Charging",GOBOULT,4999,1699,powerbank,Never worry about low battery when you are away from home,High capacity - charges your phone 2 to 3 times fully,Fast charging support - powers up your phone quickly,Slim and lightweight - fits easily in your pocket or bag,Best power bank for travel and daily commute,ready
B0CGP252T4,LAPCARE Smart Tank 10000Mah Fast Charging Power Bank | Dual USB Port | Led Indicator | Light Weight ,LAPCARE,1599,549,powerbank,Never worry about low battery when you are away from home,High capacity - charges your phone 2 to 3 times fully,Fast charging support - powers up your phone quickly,Slim and lightweight - fits easily in your pocket or bag,Best power bank for travel and daily commute,ready
B0H29192LY,67W Charger for Xiaomii Redmi Note 11 Pro+ 5G (India) Original QC Adapter Type C 3.0A High Speed Fas,67W,1999,699,charger,Charges your phone faster than your original charger,Fast charging technology - phone charged in under 1 hour,Compatible with all Android phones and iPhones,Compact and travel friendly design,Upgrade your charging speed - your original charger is holding you back,ready
B0CRKZ5B9M,"JXL 45 W Ultra Fast Charger with Dual Output, Type C PD 25W & 4.8A with 3 in 1 Fast Charging USB Cab",JXL,1899,661,charger,Charges your phone faster than your original charger,Fast charging technology - phone charged in under 1 hour,Compatible with all Android phones and iPhones,Compact and travel friendly design,Upgrade your charging speed - your original charger is holding you back,ready
B0C6M7Q9NB,"ZEBRONICS MB10000S4 Power Bank, 10000 mAh, 12W, Dual USB Output, Type C & Micro USB Input, Built in ",ZEBRONICS,1699,599,powerbank,Never worry about low battery when you are away from home,High capacity - charges your phone 2 to 3 times fully,Fast charging support - powers up your phone quickly,Slim and lightweight - fits easily in your pocket or bag,Best power bank for travel and daily commute,ready
B0CFXVWJMN,URBN 10000 mAh Premium Black Edition Nano Power Bank |Micro USB Input 20W Fast Charging | Smallest P,URBN,2999,1044,powerbank,Never worry about low battery when you are away from home,High capacity - charges your phone 2 to 3 times fully,Fast charging support - powers up your phone quickly,Slim and lightweight - fits easily in your pocket or bag,Best power bank for travel and daily commute,ready
B08JW1GVS7,URBN Lithium_Polymer 20000 mAh 22.5W Super Fast Charging Ultra Compact Power Bank with Quick Charge ,URBN,3999,1399,powerbank,Never worry about low battery when you are away from home,High capacity - charges your phone 2 to 3 times fully,Fast charging support - powers up your phone quickly,Slim and lightweight - fits easily in your pocket or bag,Best power bank for travel and daily commute,ready
B0D22V8B3W,ZEBRONICS MW64 Compact Power Bank 10000 mAh | 22.5W Super Fast Charge | Type-C & Lightning Output | ,ZEBRONICS,2999,1049,powerbank,Never worry about low battery when you are away from home,High capacity - charges your phone 2 to 3 times fully,Fast charging support - powers up your phone quickly,Slim and lightweight - fits easily in your pocket or bag,Best power bank for travel and daily commute,ready
B0D7PW2S6P,Earphones BT 870 for vivo T2x (India) Earphone Original Like Wired Stereo Deep Bass Head Hands-Free ,Earphones,999,349,earphone,Sound quality that makes your music actually enjoyable,Powerful bass and crystal clear treble for all music genres,Comfortable fit stays in ear even during workouts,Built in mic for clear hands free calls,Best earphone you can buy at this price in India,ready
B0G2C847K6,"Braided USB-C to Compatible with Lightning cable, Fast Charging & Data Sync Cable, Apple Compatible ",Braided,999,349,cable,The cable that actually lasts more than 3 months,Nylon braided design resists bending and fraying,Supports fast charging and data transfer,Works with all Type C Android and Lightning iPhone devices,Buy two - one for home one for office,ready
B0G2CJ4JX3,"Braided USB-C to Compatible with Lightning Fast Charging Cable Compatible for iPhone 14, 13, 12,11, ",Braided,999,349,cable,The cable that actually lasts more than 3 months,Nylon braided design resists bending and fraying,Supports fast charging and data transfer,Works with all Type C Android and Lightning iPhone devices,Buy two - one for home one for office,ready
B0DYJXJ47B,Sounce 360 Rotatable and Retractable Car Phone Holder Multifunctional Car Rearview Mirror Phone Hold,Sounce,999,349,accessory,The smartphone accessory that makes your phone more useful,Universal compatibility with all major smartphone brands,Premium build quality that lasts years not months,Compact design easy to carry and use anywhere,Highly practical and worth every rupee,ready
B0DXCZ6DGP,"Kratos Legend Champ Power Bank 20000mAh, 22.5W Fast Charging with Power Delivery & Quick Charge, Tri",Kratos,2999,1099,powerbank,Never worry about low battery when you are away from home,High capacity - charges your phone 2 to 3 times fully,Fast charging support - powers up your phone quickly,Slim and lightweight - fits easily in your pocket or bag,Best power bank for travel and daily commute,ready
B0H6JD2NB8,"3r Earbuds True Wireless for Xiaomi Poco M5 (India) Mobile Earbuds with Mic, 12.4mm Drivers, Playbac",3r,1999,749,earphone,Sound quality that makes your music actually enjoyable,Powerful bass and crystal clear treble for all music genres,Comfortable fit stays in ear even during workouts,Built in mic for clear hands free calls,Best earphone you can buy at this price in India,ready
B0H6HYTMWX,Zeno 20000mAh 45W Pocket Size Portable Power Bank | Flight Friendly | PD 3.0 | QC 3.0 Fast Charging ,Zeno,5999,2299,powerbank,Never worry about low battery when you are away from home,High capacity - charges your phone 2 to 3 times fully,Fast charging support - powers up your phone quickly,Slim and lightweight - fits easily in your pocket or bag,Best power bank for travel and daily commute,ready
B0GTLFZJQ3,Curved UV Tempered Glass Screen Protector for Moto G85 | Transparent | Pack of 1 | Full Screen Cover,Curved,499,190,case,Protect your expensive phone without adding bulk or weight,Drop tested protection for your phone screen and back,Precise cutouts for camera buttons and charging port,Slim fit looks good and feels premium in hand,Worth buying before you crack your screen,ready
B0GNKF275K,Tempered Glass for iPhone 16 Pro Max Screen Protector [Military Grade Shatterproof & Longest Durable,Tempered,999,379,protector,One scratch can ruin your phone screen - this prevents it,9H tempered glass - harder than your phone screen,Crystal clear - no effect on touch sensitivity or display,Easy bubble free installation in 2 minutes,Cheapest insurance you can buy for your phone screen,ready
B0GTLVVR7J,Tempered Glass Screen Protector Compatible with Motorola Moto Edge 50 Fusion 5G (Transparent) Edge T,Tempered,499,190,protector,One scratch can ruin your phone screen - this prevents it,9H tempered glass - harder than your phone screen,Crystal clear - no effect on touch sensitivity or display,Easy bubble free installation in 2 minutes,Cheapest insurance you can buy for your phone screen,ready
B0DM243H42,"Portronics Clamp M5 Car Phone Holder Stand with Grip Rotation, Strong Hold, Suction Cup Mount, Singl",Portronics,999,379,accessory,The smartphone accessory that makes your phone more useful,Universal compatibility with all major smartphone brands,Premium build quality that lasts years not months,Compact design easy to carry and use anywhere,Highly practical and worth every rupee,ready
B0GYRXY5ZQ,18W Fast Charger for Xiaomi Redmi 10 (India) Original QC Adapter Type C 3.0A High Speed Fast Turbo C,18W,999,399,charger,Charges your phone faster than your original charger,Fast charging technology - phone charged in under 1 hour,Compatible with all Android phones and iPhones,Compact and travel friendly design,Upgrade your charging speed - your original charger is holding you back,ready
B0GKXZVPD1,"Kratos Legend Champ Power Bank 20000mAh, 22.5W Fast Charging with Power Delivery & Quick Charge, Tri",Kratos,2999,1199,powerbank,Never worry about low battery when you are away from home,High capacity - charges your phone 2 to 3 times fully,Fast charging support - powers up your phone quickly,Slim and lightweight - fits easily in your pocket or bag,Best power bank for travel and daily commute,ready
B0DVC76VR3,"ZEBRONICS EnergiPod 10MR1, Power Bank, 10000 mAh, 22.5W Super Fast Charging PD 3.0 (PPS), Dual Type ",ZEBRONICS,1999,795,powerbank,Never worry about low battery when you are away from home,High capacity - charges your phone 2 to 3 times fully,Fast charging support - powers up your phone quickly,Slim and lightweight - fits easily in your pocket or bag,Best power bank for travel and daily commute,ready
B0GHQYV11Y,"Zing Type-C Wired Earphones with HD Mic, BassXpand Technology, 13mm Dynamic Drivers, IPX4 Water Resi",Zing,999,399,earphone,Sound quality that makes your music actually enjoyable,Powerful bass and crystal clear treble for all music genres,Comfortable fit stays in ear even during workouts,Built in mic for clear hands free calls,Best earphone you can buy at this price in India,ready
B0H9MGFFH8,Earphone Buds-2 with Mic for Samsung Galaxy A12 (India) Earphones Original Like Wired in-Ear Headpho,Earphone,999,399,earphone,Sound quality that makes your music actually enjoyable,Powerful bass and crystal clear treble for all music genres,Comfortable fit stays in ear even during workouts,Built in mic for clear hands free calls,Best earphone you can buy at this price in India,ready
B0H9SZ36SW,Earphone Buds-2 with Mic for Xiaomi Redmi Note 10 Pro (India) Earphones Original Like Wired in-Ear H,Earphone,999,399,earphone,Sound quality that makes your music actually enjoyable,Powerful bass and crystal clear treble for all music genres,Comfortable fit stays in ear even during workouts,Built in mic for clear hands free calls,Best earphone you can buy at this price in India,ready
B0H9M7L41Y,Earphone Buds-2 with Mic for Xiaomi Redmi Note 10 Pro (India) Earphones Original Like Wired in-Ear H,Earphone,999,399,earphone,Sound quality that makes your music actually enjoyable,Powerful bass and crystal clear treble for all music genres,Comfortable fit stays in ear even during workouts,Built in mic for clear hands free calls,Best earphone you can buy at this price in India,ready
B0H9SYV5D8,Earphone Buds-2 with Mic for Xiaomi Redmi Note 11 Pro+ 5G (India) Earphones Original Like Wired in-E,Earphone,999,399,earphone,Sound quality that makes your music actually enjoyable,Powerful bass and crystal clear treble for all music genres,Comfortable fit stays in ear even during workouts,Built in mic for clear hands free calls,Best earphone you can buy at this price in India,ready
B0H66LGZBS,"240W USB C to USB C Fast Charging Cable with Foldable Adjustable Phone Stand, Multi-Angle Type C Cha",240W,699,280,cable,The cable that actually lasts more than 3 months,Nylon braided design resists bending and fraying,Supports fast charging and data transfer,Works with all Type C Android and Lightning iPhone devices,Buy two - one for home one for office,ready
B0H6RVL7YT,"Upgraded 360° Vacuum Magnetic Car Phone Mount, Strong Suction Cup Phone Holder, Hands-Free Mobile St",Upgraded,999,399,accessory,The smartphone accessory that makes your phone more useful,Universal compatibility with all major smartphone brands,Premium build quality that lasts years not months,Compact design easy to carry and use anywhere,Highly practical and worth every rupee,ready
B0DTYZP7PB,"Capes Maglock Car Mount for Air Vent,Strong Magnetic AC Vent/Dashboard Mount Smartphones Holder Comp",Capes,2499,999,accessory,The smartphone accessory that makes your phone more useful,Universal compatibility with all major smartphone brands,Premium build quality that lasts years not months,Compact design easy to carry and use anywhere,Highly practical and worth every rupee,ready
B0GVMWYN98,"Silicone Phone Stand with Aluminum, Flexible Foldable Phone Holder, Bendable Adjustable Anti-Slip De",Silicone,599,242,accessory,The smartphone accessory that makes your phone more useful,Universal compatibility with all major smartphone brands,Premium build quality that lasts years not months,Compact design easy to carry and use anywhere,Highly practical and worth every rupee,ready
B09P5B88W8,"UNIGEN Magtec 100 15W Magnetic Wireless Charger, MagSafe Compatible, Fast Charging Compatible with i",UNIGEN,3999,1599,charger,Charges your phone faster than your original charger,Fast charging technology - phone charged in under 1 hour,Compatible with all Android phones and iPhones,Compact and travel friendly design,Upgrade your charging speed - your original charger is holding you back,ready
B0F3JTB7P5,SHIVANSH BLACKZONE F1 BZ Small MINI 3 INCH 4G Smartphone 3GB RAM 16 GB ROM 2000 MAH Battery -Faceboo,SHIVANSH,10450,4290,smartphone,SHIVANSH smartphone at 59% off - best deal on Amazon India right now,Powerful processor handles gaming and multitasking smoothly,Long lasting battery keeps you going all day,Good camera system for photos and videos at this price,Best value for money smartphone under Rs4290 on Amazon India,ready
B0DB257CF1,"Portronics Clamp Z Car Phone Holder Stand with 360 Degree Rotation, AC Vent Mount, Strong Grip, Sing",Portronics,699,289,accessory,The smartphone accessory that makes your phone more useful,Universal compatibility with all major smartphone brands,Premium build quality that lasts years not months,Compact design easy to carry and use anywhere,Highly practical and worth every rupee,ready
B0GL1Y38J5,"Handcrafted Wooden Mobile Stand for Desk | Premium Solid Wood Phone Holder for Office, Study Table &",Handcrafted,699,284,accessory,The smartphone accessory that makes your phone more useful,Universal compatibility with all major smartphone brands,Premium build quality that lasts years not months,Compact design easy to carry and use anywhere,Highly practical and worth every rupee,ready
B0GL2X8K2Q,"5 in 1 Universal Multi Charger with Cable, USB, Black, Simultaneous Fast Charging, Lightweight",5,399,169,charger,Charges your phone faster than your original charger,Fast charging technology - phone charged in under 1 hour,Compatible with all Android phones and iPhones,Compact and travel friendly design,Upgrade your charging speed - your original charger is holding you back,ready
B0H6PSN6VY,"Fast Charging Charger, 20W USB Type-C PD Adapter, 3A, BIS Certified | Smart chip, 3A output, compati",Fast,1199,499,charger,Charges your phone faster than your original charger,Fast charging technology - phone charged in under 1 hour,Compatible with all Android phones and iPhones,Compact and travel friendly design,Upgrade your charging speed - your original charger is holding you back,ready
B0F4RB36ZW,URBN 20000mAh 35W Turbo Fast Charging Power Bank | Dual Output | PD + QC Compatible | Two-Way Fast C,URBN,3999,1699,powerbank,Never worry about low battery when you are away from home,High capacity - charges your phone 2 to 3 times fully,Fast charging support - powers up your phone quickly,Slim and lightweight - fits easily in your pocket or bag,Best power bank for travel and daily commute,ready
B0CTX6XJ3M,"Portronics Luxcell B12 10,000mAh 12W Power Bank, Ultra Slim Power Bank with USB-A Output Port & Type",Portronics,1499,629,powerbank,Never worry about low battery when you are away from home,High capacity - charges your phone 2 to 3 times fully,Fast charging support - powers up your phone quickly,Slim and lightweight - fits easily in your pocket or bag,Best power bank for travel and daily commute,ready
B0H5KMJVBJ,MOZEN by Amkette Air 450 Qi2 Wireless Charger/Magsafe Charger | Latest Qi2 Technology 15W Wireless C,MOZEN,2499,1049,charger,Charges your phone faster than your original charger,Fast charging technology - phone charged in under 1 hour,Compatible with all Android phones and iPhones,Compact and travel friendly design,Upgrade your charging speed - your original charger is holding you back,ready
B0F1SY6KYC,Belkin Qi2 Magnetic Wireless Charging Pad 15W with Pop-Up Stand | MagSafe-Compatible Qi2 Certified W,Belkin,5999,2499,accessory,The smartphone accessory that makes your phone more useful,Universal compatibility with all major smartphone brands,Premium build quality that lasts years not months,Compact design easy to carry and use anywhere,Highly practical and worth every rupee,ready
B0GDTM1KFC,Screen Protector compatible with Honor Win RT 5G (1 FRONT TEMPERED GLASS + 1 BACK CARBON FIBER SKIN ,Screen,699,299,protector,One scratch can ruin your phone screen - this prevents it,9H tempered glass - harder than your phone screen,Crystal clear - no effect on touch sensitivity or display,Easy bubble free installation in 2 minutes,Cheapest insurance you can buy for your phone screen,ready
B0GHQWJM92,Screen Protector compatible with Samsung Galaxy A07 5G (1 BACK CARBON FIBER SKIN + 2 CAMERA LENS PRO,Screen,599,259,protector,One scratch can ruin your phone screen - this prevents it,9H tempered glass - harder than your phone screen,Crystal clear - no effect on touch sensitivity or display,Easy bubble free installation in 2 minutes,Cheapest insurance you can buy for your phone screen,ready
B0GGQD6RBW,Screen Protector compatible with Oppo A6 Pro 5G (India) (1 FRONT TEMPERED GLASS + 1 BACK CARBON FIBE,Screen,699,299,protector,One scratch can ruin your phone screen - this prevents it,9H tempered glass - harder than your phone screen,Crystal clear - no effect on touch sensitivity or display,Easy bubble free installation in 2 minutes,Cheapest insurance you can buy for your phone screen,ready
B0C4PVS224,"XIAOMI Mi 33W Fast Charging Cable USB C Quick Charge 4.0 Soniccharge Cord Compatible withMi, Redmi, ",XIAOMI,699,298,cable,The cable that actually lasts more than 3 months,Nylon braided design resists bending and fraying,Supports fast charging and data transfer,Works with all Type C Android and Lightning iPhone devices,Buy two - one for home one for office,ready
B098NS6PVG,"Ambrane Unbreakable 3A Fast Charging 1.5m Braided Type C Cable for Smartphones, Tablets & other Type",Ambrane,349,149,cable,The cable that actually lasts more than 3 months,Nylon braided design resists bending and fraying,Supports fast charging and data transfer,Works with all Type C Android and Lightning iPhone devices,Buy two - one for home one for office,ready
B0FBL1G4S4,"Universal 360° Car Mobile Holder Non-Slip Dashboard Silicone Phone Mount, Adjustable for Landscape/P",Universal,599,265,accessory,The smartphone accessory that makes your phone more useful,Universal compatibility with all major smartphone brands,Premium build quality that lasts years not months,Compact design easy to carry and use anywhere,Highly practical and worth every rupee,ready
B0H7527FJM,"Macbot 100W Dual Output Fast Car Charger with Type-C PD & USB, LED Indicator, Charging Adapter Compa",Macbot,999,449,charger,Charges your phone faster than your original charger,Fast charging technology - phone charged in under 1 hour,Compatible with all Android phones and iPhones,Compact and travel friendly design,Upgrade your charging speed - your original charger is holding you back,ready
B0DQY9DJF7,"Ambrane 20W Type C Mobile Charger Adapter, Fast Charging for Android, iPhone 16/15/14/13/12/11/X (Pr",Ambrane,1199,549,charger,Charges your phone faster than your original charger,Fast charging technology - phone charged in under 1 hour,Compatible with all Android phones and iPhones,Compact and travel friendly design,Upgrade your charging speed - your original charger is holding you back,ready
B0H99Z54LH,"USB Type C to DC 5.5x2.1mm Power Cable 1m 5V-12V, Pack of 1 | USB-C male, DC 5.5x2.1mm male, 1m cabl",USB,299,139,cable,The cable that actually lasts more than 3 months,Nylon braided design resists bending and fraying,Supports fast charging and data transfer,Works with all Type C Android and Lightning iPhone devices,Buy two - one for home one for office,ready
B0GXT3RT1D,360° Rotatable Car Dashboard Mobile Holder with Parking Number Plate | Anti-Slip Silicone Phone Stan,360°,499,229,accessory,The smartphone accessory that makes your phone more useful,Universal compatibility with all major smartphone brands,Premium build quality that lasts years not months,Compact design easy to carry and use anywhere,Highly practical and worth every rupee,ready
B0FM83QNT1,"Zebronics 15W Magsafe Wireless Charger, Cleaning Kit, 60W Data Cable Kit - Type C, Micro USB, Lightn",Zebronics,2499,1158,charger,Charges your phone faster than your original charger,Fast charging technology - phone charged in under 1 hour,Compatible with all Android phones and iPhones,Compact and travel friendly design,Upgrade your charging speed - your original charger is holding you back,ready
B0H4RGMZ6T,80W Fast Charger for Realme 15x (India) Original QC Adapter Type C 3.0A High Speed Fast Turbo Charge,80W,1899,899,charger,Charges your phone faster than your original charger,Fast charging technology - phone charged in under 1 hour,Compatible with all Android phones and iPhones,Compact and travel friendly design,Upgrade your charging speed - your original charger is holding you back,ready
B0H3QF4PJP,"20000mAh Power Bank, Fast Charging 22.5W, LED Display, Portable | Powervolt 102 Max, LED battery dis",20000mAh,2999,1399,powerbank,Never worry about low battery when you are away from home,High capacity - charges your phone 2 to 3 times fully,Fast charging support - powers up your phone quickly,Slim and lightweight - fits easily in your pocket or bag,Best power bank for travel and daily commute,ready
B0DYDH8Z9L,"ZEBRONICS 20000 mAh Compact Power Bank, 22.5W Super Fast Charging, PD3.0 (PPS), Dual Type-C & USB-A,",ZEBRONICS,2999,1399,powerbank,Never worry about low battery when you are away from home,High capacity - charges your phone 2 to 3 times fully,Fast charging support - powers up your phone quickly,Slim and lightweight - fits easily in your pocket or bag,Best power bank for travel and daily commute,ready
B0C6V2Z2BH,"Amazon Basics Bluetooth Extendable Selfie Sticks with Wireless Remote, Light & Tripod Stand, Compati",Amazon,849,401,accessory,The smartphone accessory that makes your phone more useful,Universal compatibility with all major smartphone brands,Premium build quality that lasts years not months,Compact design easy to carry and use anywhere,Highly practical and worth every rupee,ready
B0C49678FJ,"OJBSEN Smartphone Case for Galaxy S23 Ultra, SC-52D SCG20, With 2 Straps, Adjustable, Shoulder Strap",OJBSEN,12073,5816,case,Protect your expensive phone without adding bulk or weight,Drop tested protection for your phone screen and back,Precise cutouts for camera buttons and charging port,Slim fit looks good and feels premium in hand,Worth buying before you crack your screen,ready
B0H26785V6,"T310 Best in Segment for Calling, Bluetooth Earbuds, TWS Ear Buds Wireless Earphones with mic & 40 H",T310,1149,549,earphone,Sound quality that makes your music actually enjoyable,Powerful bass and crystal clear treble for all music genres,Comfortable fit stays in ear even during workouts,Built in mic for clear hands free calls,Best earphone you can buy at this price in India,ready
B0H267M1T3,"AIR 7 PRO TWS Ear Buds Black, TWS Earbuds | Noise Reduction | Touch Control | Gaming Mode, Wireless ",AIR,1149,549,earphone,Sound quality that makes your music actually enjoyable,Powerful bass and crystal clear treble for all music genres,Comfortable fit stays in ear even during workouts,Built in mic for clear hands free calls,Best earphone you can buy at this price in India,ready
B0H263QYQ8,"AIR 7 PRO TWS Ear Buds RED, Best in TWS Earbuds | Noise Reduction | Touch Control | Gaming Mode, Wir",AIR,1149,549,earphone,Sound quality that makes your music actually enjoyable,Powerful bass and crystal clear treble for all music genres,Comfortable fit stays in ear even during workouts,Built in mic for clear hands free calls,Best earphone you can buy at this price in India,ready
B0H1S6LKJ3,"Infinix SMART 20 (Shadow Black, 4GB RAM, 64GB Storage) | MediaTek Helio G81 Ultimate Processor | 8MP",Infinix,24999,12299,smartphone,Infinix smartphone at 51% off - best deal on Amazon India right now,Powerful processor handles gaming and multitasking smoothly,Long lasting battery keeps you going all day,Good camera system for photos and videos at this price,Best value for money smartphone under Rs12299 on Amazon India,ready
B0H1S829WN,"Infinix SMART 20 (Polaris Titanium, 4GB RAM, 64GB Storage) | MediaTek Helio G81 Ultimate Processor |",Infinix,24999,12199,smartphone,Infinix smartphone at 51% off - best deal on Amazon India right now,Powerful processor handles gaming and multitasking smoothly,Long lasting battery keeps you going all day,Good camera system for photos and videos at this price,Best value for money smartphone under Rs12199 on Amazon India,ready
B0FFTHXML7,"KERATIN 25W Type-C Fast Charger Adapter, World's 1st Hold & Charge, Compatible with All Android, iOS",KERATIN,1799,879,charger,Charges your phone faster than your original charger,Fast charging technology - phone charged in under 1 hour,Compatible with all Android phones and iPhones,Compact and travel friendly design,Upgrade your charging speed - your original charger is holding you back,ready
B0FWCTNNHT,Magnetic Selfie Smartphone Mirror for Back Camera Vlogging Phone Selfie Tool Black,Magnetic,1708,859,accessory,The smartphone accessory that makes your phone more useful,Universal compatibility with all major smartphone brands,Premium build quality that lasts years not months,Compact design easy to carry and use anywhere,Highly practical and worth every rupee,ready
B0D5HTDWSC,Lifelong Electronics 20000mAh 22.5W Fast Charging Power Bank | 3 Inputs (1 Built-in USB A Cable + 1 ,Lifelong,3999,1998,powerbank,Never worry about low battery when you are away from home,High capacity - charges your phone 2 to 3 times fully,Fast charging support - powers up your phone quickly,Slim and lightweight - fits easily in your pocket or bag,Best power bank for travel and daily commute,ready
B0G4QHFKC3,"Noise Newly Launched India's 1st Power Bank 20000mAh 45W Ultra Fast Charging: Built-in Type-C Cable,",Noise,4999,2499,powerbank,Never worry about low battery when you are away from home,High capacity - charges your phone 2 to 3 times fully,Fast charging support - powers up your phone quickly,Slim and lightweight - fits easily in your pocket or bag,Best power bank for travel and daily commute,ready
B0G4QHCJRB,"Noise Newly Launched India's 1st Power Bank 20000mAh 45W Ultra Fast Charging: Built-in Type-C Cable,",Noise,4999,2499,powerbank,Never worry about low battery when you are away from home,High capacity - charges your phone 2 to 3 times fully,Fast charging support - powers up your phone quickly,Slim and lightweight - fits easily in your pocket or bag,Best power bank for travel and daily commute,ready
B0H5WCVW6M,"Back Cover for iPhone 17, Designer Tempered Glass Phone Case Indigo Blue Flower Print Shockproof TPU",Back,998,498,case,Protect your expensive phone without adding bulk or weight,Drop tested protection for your phone screen and back,Precise cutouts for camera buttons and charging port,Slim fit looks good and feels premium in hand,Worth buying before you crack your screen,ready
B0FVF9GNCG,"PRO Plus Z2 Bluetooth Neckband Earphones, ENC Mic, 38HRS Playback, Fast Charge, Magnetic Earbuds, De",PRO,1999,999,earphone,Sound quality that makes your music actually enjoyable,Powerful bass and crystal clear treble for all music genres,Comfortable fit stays in ear even during workouts,Built in mic for clear hands free calls,Best earphone you can buy at this price in India,ready
B0GLNY8ZF4,Screen Protector compatible with Realme P4 Power 5G (1 BACK CARBON FIBER SKIN + 4 CAMERA LENS PROTEC,Screen,599,299,protector,One scratch can ruin your phone screen - this prevents it,9H tempered glass - harder than your phone screen,Crystal clear - no effect on touch sensitivity or display,Easy bubble free installation in 2 minutes,Cheapest insurance you can buy for your phone screen,ready
B0DZCXWG73,ARBAN Mobile Screen Protector for Motorola ThinkPhone 25 5G (1 Front Screen Guard + 1 Back Carbon Fi,ARBAN,599,299,protector,One scratch can ruin your phone screen - this prevents it,9H tempered glass - harder than your phone screen,Crystal clear - no effect on touch sensitivity or display,Easy bubble free installation in 2 minutes,Cheapest insurance you can buy for your phone screen,ready
B0GQBHQQTZ,Screen Protector compatible with Samsung Galaxy S26 Ultra 5G (1 BACK CARBON FIBER SKIN + 4 CAMERA LE,Screen,599,299,protector,One scratch can ruin your phone screen - this prevents it,9H tempered glass - harder than your phone screen,Crystal clear - no effect on touch sensitivity or display,Easy bubble free installation in 2 minutes,Cheapest insurance you can buy for your phone screen,ready
B0GVF3T8P5,Screen Protector compatible with Samsung Galaxy A57 5G (1 FRONT TEMPERED GLASS + 1 BACK CARBON FIBER,Screen,599,299,protector,One scratch can ruin your phone screen - this prevents it,9H tempered glass - harder than your phone screen,Crystal clear - no effect on touch sensitivity or display,Easy bubble free installation in 2 minutes,Cheapest insurance you can buy for your phone screen,ready
B0GNZZ3DF1,ARBAN Mobile Screen Protector compatible with itel A200 Plus 4G (1 Front Screen Guard + 1 Back Carbo,ARBAN,599,299,protector,One scratch can ruin your phone screen - this prevents it,9H tempered glass - harder than your phone screen,Crystal clear - no effect on touch sensitivity or display,Easy bubble free installation in 2 minutes,Cheapest insurance you can buy for your phone screen,ready
B0GS9PP989,"Capes MagLock 240W USB C to C Fast Charging Cable, Magnetic Flat Braided 1m Type C with E-Marker Chi",Capes,1999,999,cable,The cable that actually lasts more than 3 months,Nylon braided design resists bending and fraying,Supports fast charging and data transfer,Works with all Type C Android and Lightning iPhone devices,Buy two - one for home one for office,ready
B0GTPTKCRD,"Capes Maglock Anywhere Mount Magnetic Phone Holder for Car, Gym & Home | 360° Rotatable & Foldable M",Capes,1999,999,accessory,The smartphone accessory that makes your phone more useful,Universal compatibility with all major smartphone brands,Premium build quality that lasts years not months,Compact design easy to carry and use anywhere,Highly practical and worth every rupee,ready
B0CL9C46S1,"Ambrane 22.5W Magnetic Magsafe 3In1 Wireless Charger for 16/16 +/16 Pro/16 Pro Max, iPhone 15/15 Plu",Ambrane,3999,1999,charger,Charges your phone faster than your original charger,Fast charging technology - phone charged in under 1 hour,Compatible with all Android phones and iPhones,Compact and travel friendly design,Upgrade your charging speed - your original charger is holding you back,ready
B0GMHSNZRM,"KAVANA Selfie Stick with Tripod Stand, 6 Feet Length, Wireless Remote, Detachable Holder, Bluetooth ",KAVANA,899,449,accessory,The smartphone accessory that makes your phone more useful,Universal compatibility with all major smartphone brands,Premium build quality that lasts years not months,Compact design easy to carry and use anywhere,Highly practical and worth every rupee,ready
B0GRBH8916,"realme P4 Lite Smartphone, 4GB RAM, 64GB Storage, Beach Gold | 6,300mAh massive battery , a highly d",Realme,24999,12719,smartphone,Realme smartphone at 49% off - best deal on Amazon India right now,Powerful processor handles gaming and multitasking smoothly,Long lasting battery keeps you going all day,Good camera system for photos and videos at this price,Best value for money smartphone under Rs12719 on Amazon India,ready
B0GRB7CDXN,"realme P4 Lite Smartphone, 4GB RAM, 64GB Storage, Sea Blue",Realme,24999,12719,smartphone,Realme smartphone at 49% off - best deal on Amazon India right now,Powerful processor handles gaming and multitasking smoothly,Long lasting battery keeps you going all day,Good camera system for photos and videos at this price,Best value for money smartphone under Rs12719 on Amazon India,ready
B0GPDK4MMN,"OPPO K14x 5G Smartphone, Prism Violet, 4GB RAM, 128GB Storage",Oppo,35999,18490,smartphone,Oppo smartphone at 49% off - best deal on Amazon India right now,Powerful processor handles gaming and multitasking smoothly,Long lasting battery keeps you going all day,Good camera system for photos and videos at this price,Best value for money smartphone under Rs18490 on Amazon India,ready
B0H6FR5XMP,"110W Fast Charging Wall Charger, USB and Type-C Support, Direct Plug & Play, Compact Pocket Size, Bl",110W,2499,1279,charger,Charges your phone faster than your original charger,Fast charging technology - phone charged in under 1 hour,Compatible with all Android phones and iPhones,Compact and travel friendly design,Upgrade your charging speed - your original charger is holding you back,ready
B0H6MLVLCZ,"realme P4R 5G Smartphone Titanium Glare 4 GB RAM 128 GB | 8000mAh Battery, 144Hz Display, 1200nits B",Realme,34999,18339,smartphone,Realme smartphone at 48% off - best deal on Amazon India right now,Powerful processor handles gaming and multitasking smoothly,Long lasting battery keeps you going all day,Good camera system for photos and videos at this price,Best value for money smartphone under Rs18339 on Amazon India,ready
B0H6BPF6YS,"realme P4R 5G Smartphone, Silver Glare, 4GB RAM, 128GB | 8000mAh Battery, 144Hz Display",Realme,34999,18339,smartphone,Realme smartphone at 48% off - best deal on Amazon India right now,Powerful processor handles gaming and multitasking smoothly,Long lasting battery keeps you going all day,Good camera system for photos and videos at this price,Best value for money smartphone under Rs18339 on Amazon India,ready
B0H6C1F3RC,"realme P4R 5G Smartphone, Lavender Glare, 8000mAh Battery, 144Hz Display, 4 GB RAM, 128 GB Storage",Realme,34999,18339,smartphone,Realme smartphone at 48% off - best deal on Amazon India right now,Powerful processor handles gaming and multitasking smoothly,Long lasting battery keeps you going all day,Good camera system for photos and videos at this price,Best value for money smartphone under Rs18339 on Amazon India,ready
B0H1JG89ZB,"iQOO Z10 Lite 5G (Titanium Blue 2026, 4GB RAM, 64GB Storage) | Dimensity 6300 5G Processor | 50MP So",iQOO,27999,16999,smartphone,iQOO smartphone at 39% off - best deal on Amazon India right now,Powerful processor handles gaming and multitasking smoothly,Long lasting battery keeps you going all day,Good camera system for photos and videos at this price,Best value for money smartphone under Rs16999 on Amazon India,ready
B0H1JGWF81,"iQOO Z10 Lite 5G (Cyber Green 2026, 4GB RAM, 64GB Storage) | Dimensity 6300 5G Processor | 50MP Sony",iQOO,27999,16999,smartphone,iQOO smartphone at 39% off - best deal on Amazon India right now,Powerful processor handles gaming and multitasking smoothly,Long lasting battery keeps you going all day,Good camera system for photos and videos at this price,Best value for money smartphone under Rs16999 on Amazon India,ready
B0H1JG522K,"iQOO Z10 Lite 5G (Cyber Green 2026, 4GB RAM, 128GB Storage) | Dimensity 6300 5G Processor | 50MP Son",iQOO,28999,18999,smartphone,iQOO smartphone at 34% off - best deal on Amazon India right now,Powerful processor handles gaming and multitasking smoothly,Long lasting battery keeps you going all day,Good camera system for photos and videos at this price,Best value for money smartphone under Rs18999 on Amazon India,ready
B0GP7LM2LN,"iQOO Z11x 5G (Prismatic Green, 6GB RAM, 128 GB Storage) | Dimensity 7400-Turbo Processor | 7200 mAh ",iQOO,28990,24999,smartphone,iQOO smartphone at 14% off - best deal on Amazon India right now,Powerful processor handles gaming and multitasking smoothly,Long lasting battery keeps you going all day,Good camera system for photos and videos at this price,Best value for money smartphone under Rs24999 on Amazon India,ready